Title,Author,Genre,Year,Rating,Type
1984,George Orwell,Dystopian / Science Fiction,,4.17,
2 States: The Story of My Marriage,Chetan Bhagat,Contemporary Fiction,,4.02,Standalone
400 Days,Chetan Bhagat,Mystery / Thriller,,3.62,Standalone
A Big Day for Baseball,Mary Pope Osborne,,,,
A Caribbean Mystery,Agatha Christie,Mystery / Detective,,4.08,Series
A Cheese-Colored Camper,Geronimo Stilton,Children’s Humor / Adventure,,4.2,
A Conjuring of Light,V.E. Schwab,Fantasy,2017,,Series
A Court of Mist and Fury,Sarah J. Maas,Fantasy / Romance,,4.63,
A Court of Thorns and Roses,Sarah J. Maas,Fantasy / Romance,,4.45,
A Court of Wings and Ruin,Sarah J. Maas,Fantasy / Romance,,4.47,
A Curse So Dark and Lonely,Brigid Kemmerer,Young Adult,,,Series
A Darker Shade of Magic,V.E. Schwab,Fantasy,2015,,Series
A Fabumouse School Adventure,Geronimo Stilton,Children’s School Life / Humor,,4.3,
A Fabumouse Vacation for Geronimo,Geronimo Stilton,Children’s Adventure / Humor,,4.2,
A False Start,Elsie Silver,Contemporary Romance,,4.13,Series
A Flicker in the Dark,Stacy Willingham,Thriller,2023,,Standalone
A Gathering of Shadows,V.E. Schwab,Fantasy,2016,,Series
A Good Girl’s Guide to Murder,Holly Jackson,Young Adult / Mystery,,4.24,Series
A Good Night for Ghosts,Mary Pope Osborne,,,,
A Heart So Fierce and Broken,Brigid Kemmerer,Young Adult,,,Series
A Murder in Mulberry Lane,Victoria Kells,Mystery,,4.3,
A Murder is Announced,Agatha Christie,Mystery / Detective,,4.16,Series
A Note Under the Door,Hazel Trent,Mystery,,4,
A Perfect Time for Pandas,Mary Pope Osborne,,,,
A Photo Finish,Elsie Silver,Contemporary Romance,,3.8,Series
A Thousand Splendid Suns,Khaled Hosseini,Historical Fiction,,4.4,
A Very Merry Christmas,Geronimo Stilton,Children’s Holiday / Humor,,4.2,
A Vow So Bold and Deadly,Brigid Kemmerer,Young Adult,,,Series
A Walk to Remember,Nicholas Sparks,Romance,1999,4.7,Standalone
Abe Lincoln at Last!,Mary Pope Osborne,,,,
Abigail the Breeze Fairy,Daisy Meadows,Children / Fantasy,,4,
Afternoon on the Amazon,Mary Pope Osborne,,,,
Alesha the Acrobat Fairy,Daisy Meadows,Children / Fantasy / Showtime,,4,
Alice the Tennis Fairy,Daisy Meadows,Children / Fantasy / Sport,,4,
Alice’s Adventures in Wonderland,Lewis Carroll,Children’s Fantasy / Classic,,4.06,
All Because of a Cup of Coffee,Geronimo Stilton,Children’s Adventure / Humor,,4.1,
All Systems Red,Martha Wells,Science Fiction,2017,,Series
All That Remains,Naomi Charles,Mystery,4.2,,
All the Light We Cannot See,Anthony Doerr,Historical,2014,4.9,Standalone
Ally the Dolphin Fairy,Daisy Meadows,Children / Fantasy / Ocean,,4,
"Always and Forever, Lara Jean",Jenny Han,Young Adult / Romance,,4.12,Series
Amazing Magnetism,Rebecca Carmi,Children / Educational Fiction,–,,
Amber the Orange Fairy,Daisy Meadows,Children / Fantasy,,4,
Amelia the Singing Fairy,Daisy Meadows,Children / Fantasy / Showtime,,4,
Amelie the Seal Fairy,Daisy Meadows,Children / Fantasy / Ocean,,4,
Amy the Amethyst Fairy,Daisy Meadows,Children / Fantasy,,4,
And the Mountains Echoed,Khaled Hosseini,Contemporary Fiction,,4.12,
And Then There Were None,Agatha Christie,Mystery / Thriller,,4.29,Standalone
Angels & Demons,Dan Brown,Thriller / Mystery,,3.92,
Anne of Green Gables,L. M. Montgomery,Children’s Fiction / Classic,,4.29,
Artemis,Andy Weir,Science Fiction / Thriller,,3.81,
Artificial Condition,Martha Wells,Science Fiction,2018,,Series
As Good As Dead,Holly Jackson,Young Adult / Mystery,,4.19,Series
Ash and Echo,Morgan Reeds,Fantasy,,4.4,
Ashes and Alibis,Nick Roland,Mystery,,3.8,
Ashes of the Morning,Grant Hale,Thriller,,4.2,
Asteroid Haven,Cara Lin,Science Fiction,,4.2,
Atomic Habits,James Clear,Self-help,2018,4.9,Standalone
Attack of the Bandit Cats,Geronimo Stilton,Children’s Adventure / Humor,,4.1,
Ava the Sunset Fairy,Daisy Meadows,Children / Fantasy / Twilight,,4,
Becoming,Michelle Obama,Biography,2018,4.8,Standalone
Before the Coffee Gets Cold,Toshikazu Kawaguchi,Fiction,2015,4.6,Series
Before We Were Strangers,Renée Carlino,Romance,2017,,Standalone
Believe Me,Tahereh Mafi,Young Adult / Dystopian,,4.05,Novella
Bella the Bunny Fairy,Daisy Meadows,Children / Fantasy / Animal,,4,
Beneath the Hollow Sky,Tara Quinn,Fantasy,,4.6,
Beneath the Marble Sky,Clara Knox,Historical Fiction,,4.5,
Benny’s Big Balloon,Tommy Dee,Humor,,4.3,
Beren and Lúthien,J.R.R. Tolkien,Fantasy,,4.25,Standalone
Between Stars and Silence,Casey Bell,Romance,,4.2,
Beyond Europa,Michael Raye,Science Fiction,,4.2,
Big Trouble in the Big Apple,Thea Stilton,Adventure / Mystery,,4,
Bitter Veins,Caleb Dunn,Horror,,4,
Black Orbit,Tyson Reeve,Science Fiction,,4.2,
Black Sugar,Janelle Hart,Mystery,,4.3,
Blizzard,Judith Bauer Stamper,Children / Educational Fiction,,4.17,
Blizzard of the Blue Moon,Mary Pope Osborne,,,,
Blood and Thistle,Jarod Lake,Fantasy,,4.1,
Blooms of the Blood Tree,Ivy Drake,Horror,,4.3,
Bobby and the Giant Shoes,Mike Tan,Humor,,4,
Book Lovers,Emily Henry,Romance,2022,4.8,Standalone
Boy-Crazy Stacey,Ann M. Martin,Children / Fiction,,3.85,
Brave New World,Aldous Huxley,Dystopian / Science Fiction,,4,
Breaking Dawn,Stephenie Meyer,Young Adult / Fantasy Romance,,3.71,
Broken Glass Dreams,Sophie Lane,Literary Fiction,,4.3,
Buffalo Before Breakfast,Mary Pope Osborne,,,,
Butterfly Battle,Nancy White,Children / Educational Fiction,–,,
Buttons and Bubbles,Karen Dee,Interactive,,4.3,
Camp Ashwood,Eli Wren,Horror,,4.1,
Carnival at Candlelight,Mary Pope Osborne,,,,
Carrie,Stephen King,Horror / Thriller,,3.98,
Case of the Stolen Stars,Chris Bell,Mystery,,4.1,
Case of the Vanishing Violin,Nina Shaw,Mystery,,4,
Cat and Mouse in a Haunted House,Geronimo Stilton,Children’s Adventure / Mystery,,4.3,
Catching Fire,Suzanne Collins,Young Adult / Dystopian,,4.32,
Charlie and the Chocolate Factory,Roald Dahl,Children’s Fiction,,4.14,
Charlotte’s Web,E. B. White,Children’s Classic / Animal Fiction,,4.19,
Cherry the Cake Fairy,Daisy Meadows,Children / Fantasy,,4,
Children of Dune,Frank Herbert,Science Fiction / Epic,,4.14,
Chloe the Topaz Fairy,Daisy Meadows,Children / Fantasy,,4,
Christmas in Camelot,Mary Pope Osborne,,,,
Chronicle of the Outer Rim,Evan Dale,Science Fiction,,4.5,
Chronos Rift,Owen Vale,Science Fiction,,4.4,
Circe,Madeline Miller,Historical Fiction,2018,4.7,Standalone
City of Broken Stars,Leah Kim,Science Fiction,,4.4,
Civil War on Sunday,Mary Pope Osborne,,,,
Claudia and Mean Janine,Ann M. Martin,Children / Fiction,,3.89,
Claudia and the Great Search,Ann M. Martin,Children / Fiction,,3.78,
Claudia and the Joke War,Ann M. Martin,Children / Fiction,,3.75,
Claudia and the New Girl,Ann M. Martin,Children / Fiction,,3.82,
Claudia and the Phantom Phone Calls,Ann M. Martin,Children / Fiction,,3.87,
Claudia and the Sad Goodbye,Ann M. Martin,Children / Fiction,,3.81,
Claudia and the Secret Admirer,Ann M. Martin,Children / Fiction,,3.71,
Claudia and the Terrible Truth,Ann M. Martin,Children / Fiction,,4.91,
Code Crackers: Firewall Quest,Nia James,Tech Adventure,,4.2,
"Cold Lights, Dead Eyes",Naomi Stroud,Horror,,4.1,
Color Day Relay,Gail Herman,Children / Educational Fiction,,–,
Colorful Dreams,Sammy Cho,Picture Book,,4.5,
Cosmic Thread,Mila Vaughn,Science Fiction,,4.3,
Courtney the Clownfish Fairy,Daisy Meadows,Children / Fantasy / Ocean,,4,
Covenant of Stars,Lex Hart,Fantasy,,4.2,
Cradle of Moths,Lars Hinton,Horror,,4.1,
Crescent City Series,Sarah J. Maas,Fantasy,2020,,Series
Crimson & Crystal,Amy Dare,Fantasy,,4.5,
Crimson Petals,Sophia Reyes,Romance,,4.1,
Crooked House,Agatha Christie,Mystery / Detective,,4.12,Standalone
Crossroads of Time,Luke Andersen,Time Travel,,4.3,
Crown of Midnight,Sarah J. Maas,Fantasy,,4.41,
Cryo Dreams,Hazel Trent,Science Fiction,,4.1,
Crystal the Snow Fairy,Daisy Meadows,Children / Fantasy,,4,
Curtain: Poirot's Last Case,Agatha Christie,Mystery / Detective,,4.23,Series
Cyberlight City,Jamie Frost,Sci-Fi,,4.1,
Cyber-Thief Showdown,Geronimo Stilton,Children’s Mystery / Technology,,4.2,
Danni the Drum Fairy,Daisy Meadows,Children / Fantasy / Music,,4,
Darcey the Dance Diva Fairy,Daisy Meadows,Children / Fantasy / Showtime,,4,
Dark Day in the Deep Sea,Mary Pope Osborne,,,,
Dark Matter Rising,Trevor Holt,Science Fiction,,4.3,
Dark Places,Gillian Flynn,Thriller / Mystery,,4.04,
Dawn and the Big Sleepover,Ann M. Martin,Children / Fiction,,3.76,
Dawn and the Halloween Mystery,Ann M. Martin,Children / Fiction,,3.78,
Dawn and the Impossible Three,Ann M. Martin,Children / Fiction,,3.95,
Dawn’s Family Feud,Ann M. Martin,Children / Fiction,,3.85,
Day of the Dragon King,Mary Pope Osborne,,,,
Dead Air at Midnight,Carmen Reece,Mystery,,4.3,
Dead Man’s Algorithm,Fiona Scott,Tech Thriller,,4.1,
Death on the Nile,Agatha Christie,Mystery / Detective,,4.2,Series
Defy Me,Tahereh Mafi,Young Adult / Dystopian,,4.16,Series
Destroy Me,Tahereh Mafi,Young Adult / Dystopian,,4.05,Novella
Digital Dreams,Aaron Lin,Sci-Fi,,4,
Dingoes at Dinnertime,Mary Pope Osborne,,,,
Dinosaur Detectives,Judith Bauer Stamper,Children / Educational Fiction,–,,
Dinosaurs Before Dark,Mary Pope Osborne,,,,
Divine Rivals,Rebecca Ross,Fantasy,2023,4.8,Series
Doctor Sleep,Stephen King,Horror / Thriller,,4.12,
Does It Hurt,H.D. Carlton,Dark Romance,,3.89,Standalone
Dogs in the Dead of Night,Mary Pope Osborne,,,,
Dolphins at Daybreak,Mary Pope Osborne,,,,
Don't Open the Red Door,Ruby Leigh,Horror,,4,
Dork Diaries 1: Tales from a Not-So-Fabulous Life,Rachel Renée Russell,Children's Fiction,,4.22,
Dork Diaries 10: Tales from a Not-So-Perfect Pet Sitter,Rachel Renée Russell,Children's Fiction,,4.23,
Dork Diaries 11: Tales from a Not-So-Friendly Frenemy,Rachel Renée Russell,Children's Fiction,,4.32,
Dork Diaries 12: Tales from a Not-So-Secret Crush Catastrophe,Rachel Renée Russell,Children's Fiction,,4.26,
Dork Diaries 13: Tales from a Not-So-Happy Birthday,Rachel Renée Russell,Children's Fiction,,4.26,
Dork Diaries 14: Tales from a Not-So-Best Friend Forever,Rachel Renée Russell,Children's Fiction,,4.28,
Dork Diaries 15: Tales from a Not-So-Posh Paris Adventure,Rachel Renée Russell,Children's Fiction,,4.14,
Dork Diaries 16: Tales from a Not-So-Bratty Little Sister,Rachel Renée Russell,Children's Fiction,,4.24,
Dork Diaries 2: Tales from a Not-So-Popular Party Girl,Rachel Renée Russell,Children's Fiction,,4.22,
Dork Diaries 3.5: How to Dork Your Diary,Rachel Renée Russell,Children's Fiction,,4.21,
Dork Diaries 3: Tales from a Not-So-Talented Pop Star,Rachel Renée Russell,Children's Fiction,,4.25,
Dork Diaries 4: Tales from a Not-So-Graceful Ice Princess,Rachel Renée Russell,Children's Fiction,,4.29,
Dork Diaries 5: Tales from a Not-So-Smart Miss Know-It-All,Rachel Renée Russell,Children's Fiction,,4.34,
Dork Diaries 6: Tales from a Not-So-Happy Heartbreaker,Rachel Renée Russell,Children's Fiction,,4.33,
Dork Diaries 7: Tales from a Not-So-Glam TV Star,Rachel Renée Russell,Children's Fiction,,4.32,
Dork Diaries 8: Tales from a Not-So-Happily Ever After,Rachel Renée Russell,Children's Fiction,,4.22,
Dork Diaries 9: Tales from a Not-So-Dorky Drama Queen,Rachel Renée Russell,Children's Fiction,,4.3,
Dork Diaries OMG!: All About Me Diary!,Rachel Renée Russell,Children's Fiction,,–,
Down and Out Down Under,Geronimo Stilton,Children’s Adventure / Humor,,4.2,
Dragon of the Red Dawn,Mary Pope Osborne,,,,
Drift Colony,Nina Clarke,Science Fiction,,4.2,
Dune,Frank Herbert,Science Fiction / Epic,,4.23,
Earthquake in the Early Morning,Mary Pope Osborne,,,,
Echo Vector,Aiden Cross,Science Fiction,,4.1,
Echoes of Nowhere,Taylor Quinn,Mystery,,4.4,
Echoes of the Rooted Realm,Tamara Kent,Fantasy,,4.3,
Echoes of Titan,Clara Vale,Science Fiction,,4.2,
Echoes of War,Jason Trent,Historical Fiction,,4.3,
Eclipse,Stephenie Meyer,Young Adult / Fantasy Romance,,3.7,
Ecliptica Run,Jared Lin,Science Fiction,,4.2,
Edge of Obsidian,Eli Wilde,Fantasy,,4.5,
Educated,Tara Westover,Biography,2018,4.8,Standalone
Electric Storm,Anne Capeci,Children / Educational Fiction,–,,
Ellie the Guitar Fairy,Daisy Meadows,Children / Fantasy / Music,,4,
Emily the Emerald Fairy,Daisy Meadows,Children / Fantasy,,4,
Escape from Antler Forest,Joanna Park,Fantasy,,4.2,
Eternity Loop,Marcus Bell,Science Fiction,,4.3,
Eve of the Emperor Penguin,Mary Pope Osborne,,,,
Eventide Protocol,Kyle Marsh,Science Fiction,,4.4,
Evie the Mist Fairy,Daisy Meadows,Children / Fantasy,,4,
Evil Under the Sun,Agatha Christie,Mystery / Detective,,4.11,Series
Expedition Down Under,Rebecca Carmi,Children / Educational Fiction,,–,
Eyes in the Cellar,Freya Lynn,Horror,,4.1,
Fahrenheit 451,Ray Bradbury,Dystopian / Science Fiction,,3.99,
Fairy Lanterns and Forest Kings,Evie Lark,Fantasy,,4.5,
Fantastic Beasts and Where to Find Them,J.K. Rowling,Fantasy / Companion,,4.28,Standalone
Fantastic Beasts and Where to Find Them: The Illustrated Edition,J.K. Rowling,Fantasy / Illustrated Com,,,
Fantastic Beasts: The Crimes of Grindelwald – The Original Screenplay,J.K. Rowling,Fantasy / Screenplay,,4.05,Standalone
Fantastic Beasts: The Secrets of Dumbledore – The Original Screenplay,J.K. Rowling,Fantasy / Screenplay,,4.1,Standalone
Fearful,Lauren Roberts,Fantasy Romance,,3.42,Standalone
Fearless,Lauren Roberts,Fantasy Romance,,4.09,Series
Fern the Green Fairy,Daisy Meadows,Children / Fantasy,,4,
Fever Dream,Elsie Silver,Contemporary Romance,,4.8,
Field Trip to Niagara Falls,Geronimo Stilton,Children’s Adventure / Humor,,4.3,
Finn and the Floating Fish,Mira Snow,Fantasy,,4.4,
Fiona the Flute Fairy,Daisy Meadows,Children / Fantasy / Music,,4,
Fire & Formality,Kristen Blair,Historical Romance,,4.3,
Five Point Someone,Chetan Bhagat,Contemporary Fiction,,3.98,Standalone
Five Survive,Holly Jackson,Young Adult / Mystery,,4.08,Standalone
Flame Whispers,Orla James,Fantasy,,4.2,
Flawless,Elsie Silver,Contemporary Romance,,4.1,Series
Flesh Market Lane,Rae Hunter,Horror,,4.3,
Fog Over Windmere Bay,Oliver Drew,Mystery,,4.1,
Food Chain Frenzy,Anne Capeci,Children / Educational Fiction,,–,
Forest of Whispers,Nia Vale,Fantasy,,4.3,
Foundation,Isaac Asimov,Science Fiction,,4.18,
Foundation and Empire,Isaac Asimov,Science Fiction,,4.2,
Four Mice Deep in the Jungle,Geronimo Stilton,Children’s Adventure / Humor,,4.3,
Fourth Wing,Rebecca Yarros,Fantasy Romance,,4.54,Series
Fracture Me,Tahereh Mafi,Young Adult / Dystopian,,4.06,Novella
Fractured Stars,Victor Lane,Science Fiction,,4.1,
Francesca the Football Fairy,Daisy Meadows,Children / Fantasy / Sport,,4,
Fugitive Telemetry,Martha Wells,Science Fiction,2021,,Standalone
Galaxies in Her Wake,Tyler West,Science Fiction,,4.5,
Garden of Shards,Clara Voss,Literary Fiction,,4.2,
Gemma the Gymnastics Fairy,Daisy Meadows,Children / Fantasy / Sport,,4,
Georgia the Guinea Pig Fairy,Daisy Meadows,Children / Fantasy / Animal,,4,
Geronimo and the Gold Medal Mystery,Geronimo Stilton,Children’s Sports / Adventure,,4.3,
"Geronimo Stilton, Secret Agent",Geronimo Stilton,Children’s Mystery / Humor,,4.4,
Geronimo’s Valentine,Geronimo Stilton,Children’s Holiday / Humor,,4.2,
Ghost Town at Sundown,Mary Pope Osborne,,,,
Ghosts of Griffin Lane,Isaac Moore,Horror,,4.3,
Giggle Garden,Tasha Leigh,Humor,,4,
Glass Wings,Melanie Rose,Contemporary,,4.3,
Goldie the Sunshine Fairy,Daisy Meadows,Children / Fantasy,,4,
Gone Girl,Gillian Flynn,Thriller / Mystery,,4.11,
"Good Girl, Bad Blood",Holly Jackson,Young Adult / Mystery,,4.26,Series
"Good Morning, Gorillas",Mary Pope Osborne,,,,
"Good-bye Stacey, Good-bye",Ann M. Martin,Children / Fiction,,3.91,
Goodnight Moon,Margaret Wise Brown,Bedtime Story,,4.23,
Grace the Glitter Fairy,Daisy Meadows,Children / Fantasy,,4,
Gravity’s Heir,Leah Knox,Science Fiction,,4.3,
Green Eggs and Ham,Dr. Seuss,Picture Book / Humor,,4.34,
Gwen and the Glass Golem,Sasha Lynn,Fantasy,,4.5,
Half Girlfriend,Chetan Bhagat,Contemporary Fiction,,3.77,Standalone
Hallowe’en Party,Agatha Christie,Mystery / Detective,,4.09,Series
Happy Place,Emily Henry,Romance,2023,4.7,Standalone
Harriet the Hamster Fairy,Daisy Meadows,Children / Fantasy / Animal,,4,
Harry Potter and the Chamber of Secrets,J. K. Rowling,Fantasy,,4.43,
Harry Potter and the Deathly Hallows,J.K. Rowling,Fantasy,,4.62,Series
Harry Potter and the Goblet of Fire,J. K. Rowling,Fantasy,,4.57,
Harry Potter and the Half-Blood Prince,J. K. Rowling,Fantasy,,4.56,
Harry Potter and the Order of the Phoenix,J.K. Rowling,Fantasy,,4.49,Series
Harry Potter and the Philosopher's Stone,J.K. Rowling,Fantasy,,4.48,Series
Harry Potter and the Prisoner of Azkaban,J. K. Rowling,Fantasy,,4.57,
Harry Potter and the Sorcerer’s Stone,J. K. Rowling,Fantasy,,4.47,
Harvest of Shadows,J.T. Marlowe,Horror,,4.4,
Haunted Castle on Hallow's Eve,Mary Pope Osborne,,,,
Haunting Adeline,H.D. Carlton,Dark Romance,,3.94,Series
Hayley the Rain Fairy,Daisy Meadows,Children / Fantasy,,4,
Heart Bones,Colleen Hoover,Romance,2020,,Standalone
Heartless,Lauren Roberts,Fantasy,2025,4.9,Series
Heartless,Elsie Silver,Contemporary Romance,,4.05,Series
Heather the Violet Fairy,Daisy Meadows,Children / Fantasy,,4,
Heir of Fire,Sarah J. Maas,Fantasy,,4.45,
Helena the Horse-riding Fairy,Daisy Meadows,Children / Fantasy / Sport,,4,
Helix Rising,Dean Lowe,Science Fiction,,4.3,
"Hello, Mallory",Ann M. Martin,Children / Fiction,,3.87,
Hex High,Trinity Snow,Fantasy,,4.5,
High Tide in Hawaii,Mary Pope Osborne,,,,
High Time for Heroes,Mary Pope Osborne,,,,
Hollow Kingdom,Kira Jane Buxton,Fiction,2019,,Standalone
Honey the Sweet Fairy,Daisy Meadows,Children / Fantasy,,4,
Hopeless,Elsie Silver,Contemporary Romance,,4.15,Series
Hour of the Olympics,Mary Pope Osborne,,,,
House of Earth and Blood,Sarah J. Maas,Fantasy,2020,,Series
Hunting Adeline,H.D. Carlton,Dark Romance,,4.08,Series
Hurricane Heroes in Texas,Mary Pope Osborne,,,,
"Hurry Up, Houdini!",Mary Pope Osborne,,,,
I’m Too Fond of My Fur!,Geronimo Stilton,Children’s Adventure / Mystery,,4.2,
Ignite Me,Tahereh Mafi,Young Adult / Dystopian,,4.21,Series
Imagine Me,Tahereh Mafi,Young Adult / Dystopian,,4.15,Series
India Positive,Chetan Bhagat,Non-Fiction / Essay,,3.58,Standalone
India the Moonstone Fairy,Daisy Meadows,Children / Fantasy,,4,
Inferno,Dan Brown,Thriller / Mystery,,3.87,
Ink on Her Fingers,Selene Marsh,Mystery,,4,
Insect Invaders,Anne Capeci,Children / Educational Fiction,–,,
Inside Your Mouth,Linda Ward Beech / others,Children / Educational / Science,–,,
Intergalactic Heir,Zoey West,Science Fiction,,4.3,
Ion Storm,Kai West,Science Fiction,,4.5,
Iron Flame,Rebecca Yarros,Fantasy,2024,4.8,Series
Isla the Ice Star Fairy,Daisy Meadows,Children / Fantasy / Showtime,,4,
It,Stephen King,Horror,1986,4.7,Standalone
It Ends With Us,Colleen Hoover,Romance,2016,4.8,Series
It Starts With Us,Colleen Hoover,Romance,2022,4.7,Series
"It’s Halloween, You ’Fraidy Mouse!",Geronimo Stilton,Children’s Humor / Adventure,,4.3,
Izzy the Indigo Fairy,Daisy Meadows,Children / Fantasy,,4,
James and the Giant Peach,Roald Dahl,Children’s Fiction,,4.03,
Jasmine the Present Fairy,Daisy Meadows,Children / Fantasy,,4,
Katie the Kitten Fairy,Daisy Meadows,Children / Fantasy / Animal,,4,
Kill Joy,Holly Jackson,Young Adult / Mystery,,3.73,Novella
King of Envy,Ana Huang,Contemporary Romance,,–,Series
King of Gluttony,Ana Huang,Contemporary Romance,,–,Series
King of Greed,Ana Huang,Contemporary Romance,,4.2,Series
King of Lust,Ana Huang,Contemporary Romance,,–,Series
King of Pride,Ana Huang,Contemporary Romance,,4.24,Series
King of Sloth,Ana Huang,Contemporary Romance,,4.23,Series
King of Wrath,Ana Huang,Contemporary Romance,,4.27,Series
Kingdom of the Cursed,Kerri Maniscalco,Fantasy,2021,,Series
Kingdom of the Wicked,Kerri Maniscalco,Fantasy,2020,,Series
Kristy and the Baby Parade,Ann M. Martin,Children / Fiction,,3.69,
Kristy and the Copycat,Ann M. Martin,Children / Fiction,,3.76,
Kristy and the Mystery of the Secret Admirer,Ann M. Martin,Children / Fiction,,3.77,
Kristy and the Secret of Susan,Ann M. Martin,Children / Fiction,,3.77,
Kristy and the Snobs,Ann M. Martin,Children / Fiction,,3.84,
Kristy and the Worst Kid Ever,Ann M. Martin,Children / Fiction,,3.7,
Kristy’s Big News,Ann M. Martin,Children / Fiction,,3.83,
Kristy's Big Day,Ann M. Martin,Children / Fiction,,3.93,
Kristy's Great Idea,Ann M. Martin,Children / Fiction,,4,
Late Lunch with Llamas,Mary Pope Osborne,,,,
Lauren the Puppy Fairy,Daisy Meadows,Children / Fantasy / Animal,,4,
Leah the Theatre Fairy,Daisy Meadows,Children / Fantasy / Showtime,,4,
Leprechaun in Late Winter,Mary Pope Osborne,,,,
Lessons in Chemistry,Bonnie Garmus,Fiction,2022,4.6,Standalone
Letters from Elowen,Sadie Brooks,Historical Fiction,,4,
Letters to the Edge,Camryn West,Contemporary,,4.3,
Lexi the Firefly Fairy,Daisy Meadows,Children / Fantasy / Twilight,,4,
Life of Pi,Yann Martel,Adventure,2001,4.7,Standalone
Lila and the Lightning Fox,Amanda Sky,Adventure,,4.5,
Lions at Lunchtime,Mary Pope Osborne,,,,
Logan Likes Mary Anne!,Ann M. Martin,Children / Fiction,,3.88,
Looking for Alaska,John Green,Young Adult / Contemporary,,3.99,
Lords of the Hollow Gate,Jason Vale,Fantasy,,4.2,
Lost Treasure of the Emerald Eye,Geronimo Stilton,Children’s Adventure / Mystery,,4.2,
Love on the Brain,Ali Hazelwood,Romance,2022,,Standalone
"Love, Theoretically",Ali Hazelwood,Romance,2021,,Standalone
Lucy the Diamond Fairy,Daisy Meadows,Children / Fantasy,,4,
Luna’s Magic Paintbrush,Leah Sparks,Fantasy,,4.3,
Lunar Exodus,Jack Rowan,Science Fiction,,4.2,
Lurkers of Winter Marsh,Ron Ellis,Horror,,4,
Madison the Magic Show Fairy,Daisy Meadows,Children / Fantasy / Showtime,,4,
Maisie the Moonbeam Fairy,Daisy Meadows,Children / Fantasy / Twilight,,4,
Making India Awesome,Chetan Bhagat,Non-Fiction / Essay,,3.71,Standalone
Map of Disappearance,Landon Hale,Mystery,,4.1,
Marrow Cove,Isabel Crane,Horror,,4.2,
Marvin the Moon Walker,Lauren Shin,Science Fiction,,4.1,
Mary Anne and the Great Idea,Ann M. Martin,Children / Fiction,,3.68,
Mary Anne and the Great Romance,Ann M. Martin,Children / Fiction,,3.72,
Mary Anne and the Memory Garden,Ann M. Martin,Children / Fiction,,3.83,
Mary Anne and the Secret in the Attic,Ann M. Martin,Children / Fiction,,3.79,
Mary Anne Saves the Day,Ann M. Martin,Children / Fiction,,4,
Mary Anne’s Makeover,Ann M. Martin,Children / Fiction,,3.8,
Matilda,Roald Dahl,Children’s Fiction,,4.31,
Maya the Harp Fairy,Daisy Meadows,Children / Fantasy / Music,,4,
Melodie the Music Fairy,Daisy Meadows,Children / Fantasy,,4,
"Merry Christmas, Geronimo!",Geronimo Stilton,Children’s Holiday / Humor,,4.2,
Midnight Caller,Donovan Price,Mystery,,4.2,
Midnight Locker,Mila Carson,Horror,,4.3,
Midnight on the Moon,Mary Pope Osborne,,,,
Misery,Stephen King,Horror / Thriller,,4.18,
Mockingjay,Suzanne Collins,Science Fiction,2010,4.6,Series
Molly the Goldfish Fairy,Daisy Meadows,Children / Fantasy / Animal,,4,
Monday with a Mad Genius,Mary Pope Osborne,,,,
Moonborn Lies,Delilah Snow,Fantasy,,4.3,
Moonlight and Ashes,Brigid Kemmerer,Young Adult,2022,,Standalone
Moonlight Mirage,Sasha Cole,Romance,,3.9,
Moonlight on the Magic Flute,Mary Pope Osborne,,,,
Morgan the Midnight Fairy,Daisy Meadows,Children / Fantasy / Twilight,,4,
Mouse in Space!,Geronimo Stilton,Children’s Adventure / Sci-Fi,,4.4,
Mummies in the Morning,Mary Pope Osborne,,,,
Murder on the Orient Express,Agatha Christie,Mystery,1934,4.8,Series
"My Name Is Stilton, Geronimo Stilton",Geronimo Stilton,Children’s Humor / Adventure,,4.2,
Mystery in Locker 9,Colton Jett,Mystery,,4.2,
Mystery of the Phantom Lunchbox,Leo Nash,Mystery,,4.1,
Myth of the Mirror Sea,Paige Vance,Fantasy,,4.3,
Naomi the Netball Fairy,Daisy Meadows,Children / Fantasy / Sport,,4,
Nebula Strain,Nadia Frost,Science Fiction,,4.3,
Nemesis,Agatha Christie,Mystery / Detective,,4.14,Series
Neon Horizon,Lyra Dane,Science Fiction,,4.2,
Network Effect,Martha Wells,Science Fiction,2020,,Series
Neural Dawn,Mara Quinn,Science Fiction,,4.3,
New Moon,Stephenie Meyer,Romance,2006,4.2,Series
Night Feeds the Hollow,Jordan Vale,Horror,4,,
Night of the New Magicians,Mary Pope Osborne,,,,
Night of the Ninjas,Mary Pope Osborne,,,,
Nina and the Cloud,Carlos Vega,Bedtime Story,,4.2,
No Sleep ‘Til Mourning,Micah Trent,Horror,,4.3,
Not Quite Dead Yet,Holly Jackson,Adult / Mystery,,4.15,Standalone
Nova Genesis,Blake Arden,Science Fiction,,4.4,
Ocean Deep Explorers,Maggie Zhu,Adventure,,4.3,
Off to the Races,Elsie Silver,Contemporary Romance,,3.7,Series
"Oh, the Places You’ll Go!",Dr. Seuss,Picture Book / Motivation,,4.36,
Oliver and the Talking River,Harper Dell,Fantasy,,4.3,
Omega Horizon,Finn Rivers,Science Fiction,,4.4,
One Indian Girl,Chetan Bhagat,Contemporary Fiction,,3.64,Standalone
One Night @ the Call Center,Chetan Bhagat,Contemporary Fiction,,3.86,Standalone
Onyx Storm,Rebecca Yarros,Fantasy Romance,,4.21,Series
Operation: Secret Recipe,Geronimo Stilton,Children’s Mystery / Adventure,,4.3,
Origin,Dan Brown,Thriller / Mystery,,3.85,
Our Chemical Hearts,Krystal Sutherland,Young Adult,2016,,Standalone
P.S. I Still Love You,Jenny Han,Young Adult / Romance,,4.08,Series
Paint Me in Fire,Brooke Lyle,Contemporary,,4.3,
Paper Towns,John Green,Young Adult / Contemporary,,3.86,
Passenger to Frankfurt,Agatha Christie,Mystery / Thriller,,3.91,Standalone
"Paws Off, Cheddarface!",Geronimo Stilton,Children’s Humor / Adventure,,4.2,
Pearl the Cloud Fairy,Daisy Meadows,Children / Fantasy,,4,
Penguin Puzzle,Judith Bauer Stamper,Children / Educational Fiction,,–,
Penny the Pony Fairy,Daisy Meadows,Children / Fantasy / Animal,,4,
Percy Jackson and the Lightning Thief,Rick Riordan,Fantasy / Mythology,,4.27,
Peril at End House,Agatha Christie,Mystery / Detective,,4.12,Series
Pet Sematary,Stephen King,Horror,,4.06,
Phantom,H.D. Carlton,Dark Romance,,4.57,
Phoebe the Fashion Fairy,Daisy Meadows,Children / Fantasy,,4,
Pia the Penguin Fairy,Daisy Meadows,Children / Fantasy / Ocean,,4,
Piranesi,Suzanne Clarke,Fantasy,2020,4.6,Standalone
Pirates Past Noon,Mary Pope Osborne,,,,
Plasma Dreams,Olivia Trent,Science Fiction,,4.1,
Polar Bear Patrol,Judith Bauer Stamper,Children / Educational Fiction,,–,
Polar Bears Past Bedtime,Mary Pope Osborne,,,,
Polly the Party Fun Fairy,Daisy Meadows,Children / Fantasy,,4,
Powerful,Lauren Roberts,Fantasy Romance,,3.42,Standalone
Powerless,Lauren Roberts,Fantasy,2023,4.8,Series
Powerless,Elsie Silver,Contemporary Romance,,4.05,Series
Pride and Prejudice,Jane Austen,Romance,1813,4.6,Standalone
Prince Caspian,C. S. Lewis,Fantasy / Children’s,,4.19,
Project Hail Mary,Andy Weir,Science Fiction,2021,4.8,Standalone
Puddle Town Adventures,Jackie May,Adventure,,4.3,
Pulse of Orion,Tyler Nash,Science Fiction,,4.3,
Quantum Ashes,Henry Vale,Science Fiction,,4.3,
Queen of Shadows,Sarah J. Maas,Fantasy,,4.47,
Queen of the Hollow Stone,Natalie Quinn,Fantasy,,4.3,
Rainy Day Rhymes,Olive Bloom,Poetry,,4.5,
Ravensong Rising,Liam Frost,Fantasy,,4.5,
Ready Player One,Ernest Cline,Science Fiction,2011,4.6,Series
Reckless,Lauren Roberts,Fantasy,2024,4.7,Series
Reckless,Elsie Silver,Contemporary Romance,,4.1,Series
Red Antler Lodge,Becca Shaw,Horror,,4,
Red Pizzas for a Blue Count,Geronimo Stilton,Children’s Mystery / Humor,,4.3,
Redshift Rebellion,Clara Knox,Science Fiction,,4.5,
Reincarnation Blues,Michael Poore,Fiction,2017,,Standalone
Reminders of Him,Colleen Hoover,Romance,2022,,Standalone
Restore Me,Tahereh Mafi,Young Adult / Dystopian,,4.19,Series
Reveal Me,Tahereh Mafi,Young Adult / Dystopian,,4.03,Novella
Revolution 2020,Chetan Bhagat,Contemporary Fiction,,3.9,Standalone
Revolutionary War on Wednesday,Mary Pope Osborne,,,,
Rhinos at Recess,Mary Pope Osborne,,,,
Rihanna the Seahorse Fairy,Daisy Meadows,Children / Fantasy / Ocean,,4,
Rocket Riders of Mars,Louis Chen,Science Fiction,,4.2,
Rocky Road Trip,Judith Bauer Stamper,Children / Educational Fiction,,–,
Rogue Nebula,Connor James,Science Fiction,,4.2,
Ruby the Red Fairy,Daisy Meadows,Children / Fantasy,,4,
"Run, Rowan, Run!",Lexi Dean,Thriller,,4.2,
Ruthless Vows,Rebecca Ross,Fantasy,2024,4.7,Series
Sabrina the Sweet Dreams Fairy,Daisy Meadows,Children / Fantasy / Twilight,,4,
Sadie the Saxophone Fairy,Daisy Meadows,Children / Fantasy / Music,,4,
Saffron the Yellow Fairy,Daisy Meadows,Children / Fantasy,,4,
Saltwater Saints,Nico Ray,Contemporary Fiction,,4.2,
Samantha the Swimming Fairy,Daisy Meadows,Children / Fantasy / Sport,,4,
Sapiens,Yuval Noah Harari,Non-fiction,2011,4.8,Standalone
Satan's Affair,H.D. Carlton,Dark Romance,,3.71,Novella
Scarlett the Garnet Fairy,Daisy Meadows,Children / Fantasy,,4,
Sea of Tranquility,Emily St. John Mandel,Fiction,2022,4.7,Standalone
Season of the Sandstorms,Mary Pope Osborne,,,,
Second Foundation,Isaac Asimov,Science Fiction,,4.21,
Secrets Beneath the Stairs,Kyle Tran,Mystery,,4.2,
Secrets of the Shadow Tower,Ella Greene,Fantasy,,4.5,
Serpent of Smoke,Rowan Dusk,Fantasy,,4.4,
Shadow Me,Tahereh Mafi,Young Adult / Dystopian,,4.04,Novella
Shadow of the Crown,Noah Greene,Fantasy,,4.5,
Shadowbound,Ella Gray,Fantasy,,4.4,
Shadows at Honeycomb Hall,Daphne Lovell,Mystery,,4.1,
Shadows Beneath Black Hollow,James Keaton,Horror,,4.3,
Shallow River,H.D. Carlton,Dark Romance,,4.14,Standalone
Sharp Objects,Gillian Flynn,Thriller / Mystery,,4.06,
Shatter Me,Tahereh Mafi,Young Adult / Dystopian,,4.1,Series
Shipwreck on the Pirate Islands,Geronimo Stilton,Children’s Adventure / Humor,,4.3,
Silent Steps in Glass Hall,Jared Quinn,Mystery,,4.3,
Singularity's Edge,Felix Hart,Science Fiction,,4.5,
Sky the Blue Fairy,Daisy Meadows,Children / Fantasy,,4,
Solace Harbor,Daniel Reeve,Contemporary,,4.4,
Solaris Veil,Rina Moss,Science Fiction,,4.2,
Songs from the Deep,Mira Lane,Fantasy,,4.3,
Sophie the Sapphire Fairy,Daisy Meadows,Children / Fantasy,,4,
Space Explorers,Eva Moore,Children / Educational Fiction,,4.3,
Spacemice: Alien Escape,Geronimo Stilton,Children’s Sci-Fi / Adventure,,4.4,
Spacemice: Beware! Space Junk!,Geronimo Stilton,Children’s Sci-Fi / Adventure,,4.3,
Spacemice: Ice Planet Adventure,Geronimo Stilton,Children’s Sci-Fi / Adventure,,4.4,
Spacemice: Rescue Rebellion,Geronimo Stilton,Children’s Sci-Fi / Adventure,,4.4,
Spacemice: The Galactic Goal,Geronimo Stilton,Children’s Sci-Fi / Adventure,,4.3,
"Spacemice: You’re Mine, Captain!",Geronimo Stilton,Children’s Sci-Fi / Humor,,4.3,
Specter Fleet,Juno Ray,Science Fiction,,4.4,
Spellbound Academy,Karen Lu,Fantasy,,4.4,
Stacey and the Mystery of Stoneybrook,Ann M. Martin,Children / Fiction,,3.74,
Stacey’s Emergency,Ann M. Martin,Children / Fiction,,3.79,
Stage Fright on a Summer Night,Mary Pope Osborne,,,,
Stallion by Starlight,Mary Pope Osborne,,,,
Starborn Legacy,Nora Vance,Science Fiction,,4.5,
Starfall Protocol,Adrian Voss,Science Fiction,,4.3,
Starlight Divide,Jade Rowan,Science Fiction,,4.4,
Stephanie the Starfish Fairy,Daisy Meadows,Children / Fantasy / Ocean,,4,
Steve Jobs,Walter Isaacson,Biography,2011,4.7,Standalone
Storm the Lightning Fairy,Daisy Meadows,Children / Fantasy,,4,
Stormweaver’s Oath,Kaiya Reid,Fantasy,,4.5,
Sunlight on the Snow Leopard,Mary Pope Osborne,,,,
Sunset of the Sabertooth,Mary Pope Osborne,,,,
Supernova Squad,Ryan Blake,Sci-Fi,,4.2,
Suppandi 1: The Adventures of Suppandi,Luis Fernandes,Children's Comics,,4.31,Series
Suppandi 2: The Adventures of Suppandi 2,Luis Fernandes,Children's Comics,,4.31,Series
Suppandi 3: The Laughter Never Ends,Rajani Thindiath,Children's Comics,,4.45,Series
Suppandi 4: Tickling the Funny Bone,Rajani Thindiath,Children's Comics,,4.45,Series
Suppandi 48: Supercharged with Fun & Laughter,Rajani Thindiath,Children's Comics,,4.45,Series
Suppandi 5: From Hired to Fired,Rajani Thindiath,Children's Comics,,4.45,Series
Suppandi 6: Who's the Boss?,Rajani Thindiath,Children's Comics,,4.45,Series
Suppandi 7: The Careful,Rajani Thindiath,Children's Comics,,4.45,Series
Suppandi 8: Employee of the Year,Rajani Thindiath,Children's Comics,,4.45,Series
Suppandi 9: The Ultimate Collection,Rajani Thindiath,Children's Comics,,4.45,Series
Suppandi: The Essential Collection,Rajani Thindiath,Children's Comics,,4.45,Series
"Surf’s Up, Geronimo!",Geronimo Stilton,Children’s Adventure / Humor,,4.2,
Tails and Trails,Jenny Lim,Animal Fiction,,4.1,
Taken at the Flood,Agatha Christie,Mystery / Detective,,4.08,Series
Terraform Dawn,Silas Gray,Science Fiction,,4.3,
Tess the Sea Turtle Fairy,Daisy Meadows,Children / Fantasy / Ocean,,4,
Thanksgiving on Thursday,Mary Pope Osborne,,,,
The 3 Mistakes of My Life,Chetan Bhagat,Contemporary Fiction,,3.91,Standalone
The 7 Habits of Highly Effective People,Stephen Covey,Self-help,1989,4.8,Standalone
The ABC Murders,Agatha Christie,Mystery / Detective,,4.18,Series
The Adventures of Sherlock Holmes,Arthur Conan Doyle,Mystery,1892,4.9,Series
The Alchemist,Paulo Coelho,Inspirational,1988,4.7,Standalone
The Amazing Voyage,Geronimo Stilton,Fantasy Adventure,,4.4,
The Andromeda Signal,Cassia Wren,Science Fiction,,4.3,
The Arcane Atlas,Luke Denver,Fantasy,,4.4,
The Atlas Paradox,Olivie Blake,Fantasy,2024,,Series
The Atlas Six,Olivie Blake,Fantasy,2022,,Series
The Battle for Crystal Castle,Geronimo Stilton,Fantasy Adventure,,4.3,
The Battle of the Labyrinth,Rick Riordan,Fantasy / Mythology,,4.38,
The BFG,Roald Dahl,Children’s Fiction / Fantasy,,4.18,
The Binary Horizon,Ellie Ward,Science Fiction,,4.1,
The Binding Tree,Karen Nix,Horror,,4.2,
The Blue Envelope Case,Kaia Moon,Mystery,,4.2,
The Body in the Library,Agatha Christie,Mystery / Detective,,4.11,Series
The Book Thief,Markus Zusak,Historical,2005,4.8,Standalone
The Brothers Hawthorne,Jennifer Lynn Barnes,Young Adult / Mystery,,4.08,Novella
The Bullet That Missed,Richard Osman,Cozy Mystery,,4.06,Series
The Carbon Wars,Jason Redd,Science Fiction,,4.4,
The Case of the Glowing Backpack,Hannah Royce,Mystery,,4.1,
The Catcher in the Rye,J.D. Salinger,Classic,1951,4.4,Standalone
The Celestial Forge,Eva Lang,Science Fiction,,4.1,
The Cheese Experiment,Geronimo Stilton,Children’s Humor / Science,,4.2,
The Children of Húrin,J.R.R. Tolkien,Fantasy,,4.18,Standalone
The Christmas Toy Factory,Geronimo Stilton,Children’s Holiday / Humor,,4.2,
The Clockmaker's Riddle,Nat Walker,Adventure,,4,
The Clockwork Eye,Ian Thorne,Steampunk,,4.2,
The Clockwork Faun,Holly Wells,Fantasy,,4.2,
The Cloud Castle,Thea Stilton,Special Edition Fantasy / Adventure,,4.3,
The Cloud Kingdom,Simone Li,Fantasy,,4.2,
The Cosmic Architect,Elena Brooks,Science Fiction,,4.5,
The Crystal Watcher,Nikki Thorn,Fantasy,,4.3,
The Curious Cat of Cedar Hill,Cora Lune,Mystery,,4.3,
The Curse of the Cheese Pyramid,Geronimo Stilton,Children’s Adventure / Mystery,,4.1,
The Cursed Code,Reid Nox,Thriller,,4.1,
The Da Vinci Code,Dan Brown,Mystery,2003,4.6,Series
The Dance of the Star Fairies,Thea Stilton,Special Edition Fantasy / Mystery,,4.3,
The Devil and the Dark Water,Stuart Turton,Mystery,2020,,Standalone
The Disappearing Desk Trick,Jamie Ford,Mystery,,4,
The Dogwood Murders,Cassidy Knox,Mystery,,4,
The Dragon of Fortune,Geronimo Stilton,Children’s Adventure / Fantasy,,4.5,
The Dragon Prophecy,Geronimo Stilton,Fantasy Adventure,,4.3,
The Dragon's Gift,Celia Brooks,Fantasy,,4.4,
The Drowned Bell,Tamara Vex,Horror,,4.2,
The Dying Note,Emily Carr,Mystery,,4,
The Enchanted Charms,Geronimo Stilton,Children’s Adventure / Fantasy,,4.5,
The Enchanted Locker,Ethan Wells,Fantasy,,4.3,
The Enormouse Pearl Heist,Geronimo Stilton,Children’s Mystery / Adventure,,4.3,
The Extraordinaries,T.J. Klune,Young Adult,2022,,Standalone
The Fall of Gondolin,J.R.R. Tolkien,Fantasy,,4.22,Standalone
The Fault in Our Stars,John Green,Romance,2012,4.7,Standalone
The Fellowship of the Ring,J.R.R. Tolkien,Fantasy,,4.36,Series
The Fifth Protocol,Grant Lorne,Science Fiction,,4.3,
The Final Gambit,Jennifer Lynn Barnes,Young Adult / Mystery,,4.14,Series
The Fire Below,Sadie Hunt,Dystopian,,4.1,
The Fishy Field Trip,Martin Schwabacher,Children / Educational Fiction,,–,
The Flight of the Red Bandit,Geronimo Stilton,Children’s Adventure / Mystery,,4.3,
The Forgetting Fog,Tanya Griggs,Horror,,4.2,
The Forgotten Verse,Nina Hale,Poetry,,4.1,
The Front Runner,Elsie Silver,Contemporary Romance,,3.85,Series
The Frozen Court,Aiden March,Fantasy,,4,
The Frozen Mark,Naomi Lee,Thriller,,3.9,
The Ghost at Dawn's House,Ann M. Martin,Children / Fiction,,3.9,
The Giant Germ,Eva Moore,Children / Educational Fiction,,4.43,
The Girl in Room 105,Chetan Bhagat,Mystery / Thriller,,3.89,Standalone
The Girl on the Train,Paula Hawkins,Mystery,2015,4.5,Standalone
The Girl Who Kicked the Hornet’s Nest,Stieg Larsson,Mystery / Thriller,,4.23,
The Girl Who Played with Fire,Stieg Larsson,Mystery / Thriller,,4.22,
The Girl with the Dragon Tattoo,Stieg Larsson,Mystery / Thriller,,4.14,
The Glass Widow,Talia Monroe,Mystery,,4.3,
The Golden Key,Geronimo Stilton,Fantasy Adventure,,4.4,
The Great Gatsby,F. Scott Fitzgerald,Classic,1925,4.5,Standalone
The Great Toy Parade,Anna Ko,Picture Book,,4.4,
The Green Mile,Stephen King,Horror / Drama,,4.45,
The Grinning House,Eli Morgan,Horror,,4.3,
The Guardian of the Realm,Geronimo Stilton,Children’s Adventure / Fantasy,,4.4,
The Handmaid’s Tale,Margaret Atwood,Dystopian / Speculative Fiction,,4.14,
The Hanged Man’s Pact,Cass Lowe,Horror,,4.5,
The Hawthorne Legacy,Jennifer Lynn Barnes,Young Adult / Mystery,,4.12,Series
The Hidden Oracle,Rick Riordan,Fantasy / Mythology,,4.19,
The Hobbit,J.R.R. Tolkien,Fantasy,1937,4.8,Series
The Hollow,Agatha Christie,Mystery / Detective,,4.07,Series
The Hollow Choir,Sylvia Beck,Horror,,4.3,
The Hour of Magic,Geronimo Stilton,Children’s Adventure / Fantasy,,4.4,
The House in the Cerulean Sea,T.J. Klune,Fiction,2020,,Standalone
The House of Hades,Rick Riordan,Fantasy / Mythology,,4.51,
The House of Hollow,Krystal Sutherland,Fantasy,2021,,Series
The Housemaid,Freida McFadden,Thriller,2022,4.7,Series
The Housemaid’s Secret,Freida McFadden,Thriller,2023,4.6,Series
The Hunger Games,Suzanne Collins,Science Fiction,2008,4.8,Series
The Hunt for the Golden Book,Geronimo Stilton,Children’s Adventure / Mystery,,4.3,
The Ice Cream Truck Chase,Robbie Kane,Adventure,,4.2,
The Impossible Fortune,Richard Osman,Cozy Mystery,,–,Series
The Indigo Labyrinth,Ben Holloway,Young Adult,,4.1,
The Infinite Key,Lila Frost,Science Fiction,,4.1,
The Inheritance Games,Jennifer Lynn Barnes,Young Adult / Mystery,,4.1,Series
The Invisibility Experiment,Tom York,Sci-Fi,,4,
The Invisible Life of Addie LaRue,V.E. Schwab,Fantasy,2020,,Standalone
The Island of Dragons,Geronimo Stilton,Children’s Adventure / Fantasy,,4.5,
The Ivory Pact,Mia Rowan,Crime Thriller,,4.4,
The Journey Through Time,Geronimo Stilton,Children’s Adventure / Time Travel,,4.5,
The Journey to Atlantis,Thea Stilton,Special Edition Adventure / Fantasy,,4.3,
The Karate Mouse,Geronimo Stilton,Children’s Sports / Humor,,4.3,
The Keepers of the Empire,Geronimo Stilton,Fantasy Adventure,,4.4,
The Kingdom of Fantasy,Geronimo Stilton,Children’s Adventure / Fantasy,,4.5,
The Kite Runner,Khaled Hosseini,Drama,2003,4.8,Standalone
The Kite That Flew to Space,Danny Lin,Fantasy,,4.1,
The Knight at Dawn,Mary Pope Osborne,,,,
The Land of Flowers,Thea Stilton,Special Edition Fantasy / Nature,,4.1,
The Lantern Room,Nicole Trent,Horror,,4.1,
The Last Archivist,Graham West,Science Fiction,,4,
The Last Battle,C. S. Lewis,Fantasy / Children’s,,4.14,
The Last Devil to Die,Richard Osman,Cozy Mystery,,4.07,Series
The Last Ember,Avery Miles,Dystopian,,4.2,
The Last Olympian,Rick Riordan,Fantasy / Mythology,,4.51,
The Last Ritual,Cole Rivers,Horror,,4.2,
The Last Time She Lied,Harper Leigh,Mystery,,4.4,
The Liar’s Wake,Cassie Bloom,Psychological Thriller,,4.3,
"The Lion, the Witch and the Wardrobe",C. S. Lewis,Fantasy / Children’s,,4.27,
The Locked Library,Ryan Greaves,Mystery,,4.1,
The Lost Button,Emma Raye,Adventure,,4.2,
The Lost Hero,Rick Riordan,Fantasy / Mythology,,4.36,
The Love Hypothesis,Ali Hazelwood,Romance,2021,,Standalone
The Luminous Core,Paige Raye,Science Fiction,,4.3,
The Magic of the Mirror,Thea Stilton,Special Edition Fantasy / Mystery,,4.2,
The Magic School Bus and the Butterfly Bunch,Kristin Earhart / others,Children / Educational Fiction,,–,
The Magic School Bus and the Climate Challenge,Joanna Cole,Children / Educational Fiction,,3.99,
The Magic School Bus and the Electric Field Trip,Joanna Cole,Children / Educational Fiction,,4.09,
The Magic School Bus And the Missing Tooth,Jeanette Lane / Joanna Cole,Children / Educational Fiction,,–,
The Magic School Bus and the Science Fair Expedition,Joanna Cole,Children / Educational Fiction,,4.17,
The Magic School Bus and the Shark Adventure,Elizabeth Smith / others,Children / Educational Fiction,,–,
The Magic School Bus Arctic Adventure,Gail Herman / others,Children / Educational Fiction,,–,
The Magic School Bus At the First Thanksgiving,Joanna Cole,Children / Educational Fiction,,–,
The Magic School Bus at the Waterworks,Joanna Cole,Children / Educational Fiction,,4.31,
The Magic School Bus Blasts Into Space,Kristin Earhart / others,Children / Educational Fiction,,–,
The Magic School Bus Explores Human Evolution,Joanna Cole,Children / Educational Fiction,,4.27,
The Magic School Bus Explores the Senses,Joanna Cole,Children / Educational Fiction,,4.21,
The Magic School Bus Explores the World of Animals,Joanna Cole,Children / Educational Fiction,,4.17,
The Magic School Bus Explores the World of Bugs,Nancy White,Children / Educational Fiction,,4.09,
The Magic School Bus Fights Germs,Kristin Earhart / others,Children / Educational Fiction,,–,
The Magic School Bus Flies from the Nest,Joanna Cole / others,Children / Educational Fiction,,–,
The Magic School Bus Flies With The Dinosaurs,Joanna Cole / Martin Schwabacher,Children / Educational Fiction,,–,
The Magic School Bus Gets Recycled,Anne Capeci / others,Children / Educational Fiction,,–,
The Magic School Bus Has a Heart,Anne Capeci / others,Children / Educational Fiction,,–,
The Magic School Bus in the Bat Cave,Jeanette Lane / others,Children / Educational Fiction,,–,
The Magic School Bus in the Rain Forest,Eva Moore,Children / Educational Fiction,,4.15,
The Magic School Bus In the Time of the Dinosaurs,Joanna Cole,Children / Educational Fiction,,4.19,
The Magic School Bus Inside a Beehive,Joanna Cole,Children / Educational Fiction,,4.17,
The Magic School Bus Inside a Hurricane,Joanna Cole,Children / Educational Fiction,,4.24,
The Magic School Bus Inside the Earth,Joanna Cole,Children / Educational Fiction,,4.22,
The Magic School Bus Inside the Human Body,Joanna Cole,Children / Educational Fiction,,4.28,
The Magic School Bus Lost in the Snow,Joanna Cole / others,Children / Educational Fiction,,–,
The Magic School Bus Lost in the Solar System,Joanna Cole,Children / Educational Fiction,,4.29,
The Magic School Bus On the Ocean Floor,Joanna Cole,Children / Educational Fiction,,4.31,
The Magic School Bus Sleeps for the Winter,Bruce Degen / Eva Moore / Joanna Cole,Children / Educational Fiction,,–,
The Magic School Bus Takes a Moonwalk,Joanna Cole,Children / Educational Fiction,,–,
The Magic School Bus to the Rescue: Forest Fire,Anne Capeci / others,Children / Educational Fiction,,3.89,
The Magic School Bus Weathers the Storm,Kristin Earhart / others,Children / Educational Fiction,,–,
The Magical Mission,Geronimo Stilton,Children’s Adventure / Fantasy,,4.5,
The Magician’s Nephew,C. S. Lewis,Fantasy / Children’s,,4.19,
The Man in the Brown Suit,Agatha Christie,Mystery / Detective,,4.05,Standalone
The Man Who Died Twice,Richard Osman,Cozy Mystery,,4.05,Series
The Martian,Andy Weir,Science Fiction,2011,4.7,Standalone
The Memory Construct,Noah Trent,Science Fiction,,4.2,
The Midnight Library,Matt Haig,Fiction,2020,4.7,Standalone
The Midnight Pencil Club Returns,Eli Sands,Mystery,,4.1,
The Mirror Mage,Tessa Vaughn,Fantasy,,4.2,
The Missing Thread,Dean Weller,Mystery,,4.3,
The Mona Mousa Code,Geronimo Stilton,Children’s Adventure / Humor,,4.4,
The Mouse Island Marathon,Geronimo Stilton,Children’s Adventure / Humor,,4.2,
The Mummy with No Name,Geronimo Stilton,Children’s Mystery / Spooky,,4.2,
The Murder of Roger Ackroyd,Agatha Christie,Mystery / Detective,,4.23,Series
The Mysterious Affair at Styles,Agatha Christie,Mystery / Detective,,4.08,Series
The Mysterious Cheese Thief,Geronimo Stilton,Children’s Mystery / Humor,,4.3,
The Mystery of Maple Street,Henry Jacks,Mystery,,4.4,
The Name of the Wind,Patrick Rothfuss,Fantasy,,4.52,
The Night Circus,Erin Morgenstern,Fantasy,2011,4.7,Standalone
The Notebook,Nicholas Sparks,Romance,1996,4.6,Standalone
The Other Wife,Sarah Long,Psychological Thriller,,4,
The Owl Who Couldn't Sleep,Peter Shaw,Bedtime Story,,4.2,
The Pale Horse,Agatha Christie,Mystery / Thriller,,4.06,Standalone
The Parallel Code,Eden Wells,Science Fiction,,4.4,
The Paris Cipher,Leo Ford,Spy Thriller,,4.2,
The Pencil Case Plot,Ellie Grant,Mystery,,4.2,
The Phantom of the Subway,Geronimo Stilton,Children’s Mystery / Adventure,,4.3,
The Phantom Pencil Club,Eli Sands,Mystery,,4.3,
The Phoenix of Destiny,Geronimo Stilton,Children’s Adventure / Fantasy,,4.5,
The Power of Now,Eckhart Tolle,Self-help,1997,4.8,Standalone
The Pumpkin House,Cameron Voss,Horror,,4,
The Quantum Divide,Sara Trent,Science Fiction,,4.4,
The Quest for Paradise,Geronimo Stilton,Children’s Adventure / Fantasy,,4.5,
The Race Across America,Geronimo Stilton,Children’s Adventure / Sports,,4.3,
The Rainbow Cat,Lucy Bell,Picture Book,,4.7,
The Reappearance of Rachel Price,Holly Jackson,Young Adult / Mystery,,4.1,Standalone
The Rebellious Life of Mrs. Rosa Parks,Jennifer Guglielmo,Biography,2015,,Standalone
The Return of the King,J.R.R. Tolkien,Fantasy,,4.5,Series
The Riftwalkers,Zion Carter,Fantasy,,4.6,
The Room That Watches,Alice Grant,Horror,,4.4,
The Sea of Monsters,Rick Riordan,Fantasy / Mythology,,4.23,
The Search for Sunken Treasure,Geronimo Stilton,Children’s Adventure / Mystery,,4.3,
The Search for the Missing Bones,Eva Moore,Children / Educational Fiction,,4.42,
The Search for Treasure,Geronimo Stilton,Children’s Adventure / Fantasy,,4.4,
The Second Drawer,Julia Park,Mystery,,4,
The Secret Adversary,Agatha Christie,Mystery / Detective,,4.09,Series
The Secret Garden,Frances Hodgson Burnett,Children’s Classic,,4.21,
The Secret of Cacklefur Castle,Geronimo Stilton,Children’s Mystery / Spooky,,4.3,
The Secret of Hollow Hill,Lila Nash,Mystery,,4.1,
The Secret of the Crystal Fairies,Thea Stilton,Special Edition Fantasy / Mystery,,4.2,
The Secret of the Fairies,Thea Stilton,Special Edition Fantasy / Mystery,,4.2,
The Secret of the Snow,Thea Stilton,Special Edition Fantasy / Mystery,,4.2,
The Seven Deaths of Evelyn Hardcastle,Stuart Turton,Mystery,2018,,Standalone
The Seventh Sigil,Ronan Black,Fantasy,,4.4,
The Shadow of the Wind,Carlos Ruiz Zafón,Mystery,2001,4.8,Series
The Shining,Stephen King,Horror,1977,4.6,Standalone
The Ship of Secrets,Geronimo Stilton,Children’s Adventure / Fantasy,,4.5,
The Silent Grove,Lena Hart,Mystery,,4.2,
The Silent Patient,Alex Michaelides,Thriller,2019,4.7,Standalone
The Silent Rebellion,Jayden Pierce,Dystopian,,4.4,
The Silmarillion,J.R.R. Tolkien,Fantasy,,4.13,Standalone
The Silver Chair,C. S. Lewis,Fantasy / Children’s,,4.16,
The Song of Achilles,Madeline Miller,Historical Fiction,2011,4.8,Standalone
The Starbound Trials,Ivy Night,Fantasy,,4.4,
The Stinky Cheese Vacation,Geronimo Stilton,Children’s Humor / Adventure,,4.2,
The Subtle Art of Not Giving a F*ck,Mark Manson,Self-help,2016,4.6,Standalone
The Super Chef Contest,Geronimo Stilton,Children’s Humor / Adventure,,4.2,
The Super Scam,Geronimo Stilton,Children’s Mystery / Humor,,4.2,
The Temple of the Ruby of Fire,Geronimo Stilton,Children’s Adventure / Mystery,,4.3,
The Testaments,Margaret Atwood,Dystopian / Speculative Fiction,,4.18,
The Third Bell Tower,Tess Vayne,Mystery,,4.1,
The Thirteenth Sleepover,Harold Finch,Horror,,4.1,
The Thursday Murder Club,Richard Osman,Cozy Mystery,,4.06,Series
The Time Slip Twins,Nina Ford,Time Travel,,4.3,
The Tiny Explorer,Eliza Thorn,Adventure,,4.6,
The Titan’s Curse,Rick Riordan,Fantasy / Mythology,,4.35,
The Treasure of Easter Island,Geronimo Stilton,Children’s Adventure / Mystery,,4.3,
The Treasure of the Sea,Geronimo Stilton,Children’s Adventure / Fantasy,,4.3,
The Treasure of the Sea,Thea Stilton,Special Edition Adventure / Fantasy,,4.2,
The Treasures of the Kingdom,Geronimo Stilton,Fantasy Adventure,,4.3,
The Truth About Stacey,Ann M. Martin,Children / Fiction,,3.92,
The Two Towers,J.R.R. Tolkien,Fantasy,,4.45,Series
The Vanishing Room,Tess Wren,Thriller,,4.1,
The Very Hungry Caterpillar,Eric Carle,Picture Book,,4.32,
The Volcano of Fire,Geronimo Stilton,Children’s Adventure / Fantasy,,4.4,
The Voyage of the Dawn Treader,C. S. Lewis,Fantasy / Children’s,,4.25,
The Whisper Mile,Jonathan Lee,Horror,,4.2,
The Widow’s Ledger,Jordan Raye,Mystery,,4.2,
"The Wild, Wild West",Geronimo Stilton,Children’s Adventure / Humor,,4.3,
The Willow Curse,Maren Wolfe,Fantasy,,4.1,
The Wind Whisperer,Ally Trent,Fantasy,,4.1,
The Winter Deal,Elias Moore,Literary Fiction,,4.4,
The Wise Man’s Fear,Patrick Rothfuss,Fantasy,,4.56,
The Wizard’s Wand,Geronimo Stilton,Children’s Adventure / Fantasy,,4.4,
The Women,Kristin Hannah,Historical,2024,4.9,Standalone
The Wonderful Wizard of Oz,L. Frank Baum,Children’s Fantasy,,4.05,
Thea Stilton and Madagascar Madness,Thea Stilton,Adventure / Mystery,,4.1,
Thea Stilton and the Blue Scarab Hunt,Thea Stilton,Adventure / Mystery,,4.1,
Thea Stilton and the Cherry Blossom Adventure,Thea Stilton,Adventure / Mystery,,4.2,
Thea Stilton and the Chocolate Sabotage,Thea Stilton,Adventure / Mystery,,4.2,
Thea Stilton and the Dancing Shadows,Thea Stilton,Adventure / Mystery,,4.1,
Thea Stilton and the Dragon’s Code,Thea Stilton,Adventure / Mystery,,4.2,
Thea Stilton and the Ghost of the Shipwreck,Thea Stilton,Adventure / Mystery,,4.1,
Thea Stilton and the Great Tulip Heist,Thea Stilton,Adventure / Mystery,,4.1,
Thea Stilton and the Hollywood Hoax,Thea Stilton,Adventure / Mystery,,4.2,
Thea Stilton and the Ice Treasure,Thea Stilton,Adventure / Mystery,,4.1,
Thea Stilton and the Journey to the Lion’s Den,Thea Stilton,Adventure / Mystery,,4.2,
Thea Stilton and the Legend of the Fire Flowers,Thea Stilton,Adventure / Mystery,,4.2,
Thea Stilton and the Lost Letters,Thea Stilton,Adventure / Mystery,,4.1,
Thea Stilton and the Missing Myth,Thea Stilton,Adventure / Mystery,,4,
Thea Stilton and the Mountain of Fire,Thea Stilton,Adventure / Mystery,,4.2,
Thea Stilton and the Mystery in Paris,Thea Stilton,Adventure / Mystery,,4.3,
Thea Stilton and the Mystery on the Orient Express,Thea Stilton,Adventure / Mystery,,4.3,
Thea Stilton and the Prince’s Emerald,Thea Stilton,Adventure / Mystery,,4.2,
Thea Stilton and the Secret City,Thea Stilton,Adventure / Mystery,,4.2,
Thea Stilton and the Secret of the Old Castle,Thea Stilton,Adventure / Mystery,,4.2,
Thea Stilton and the Spanish Dance Mission,Thea Stilton,Adventure / Mystery,,4.1,
Thea Stilton and the Star Castaways,Thea Stilton,Adventure / Mystery,,4.1,
Thea Stilton and the Tropical Treasure,Thea Stilton,Adventure / Mystery,,4,
Think and Grow Rich,Napoleon Hill,Self-help,1937,4.7,Standalone
Thorned Hearts,Juliet Vance,Romance,,4.3,
Throne of Embers,Caleb Faye,Fantasy,,4.5,
Throne of Glass,Sarah J. Maas,Fantasy,,4.22,
Tigers at Twilight,Mary Pope Osborne,,,,
Time Locked,Jonah Kim,Time Travel,,4.2,
Time of the Turtle King,Mary Pope Osborne,,,,
Timeglass Empire,Elara Quinn,Science Fiction,,4.5,
Titan's Ghost,Cole Avery,Science Fiction,,4.3,
To All the Boys I’ve Loved Before,Jenny Han,Young Adult / Romance,,4.06,Series
To Kill a Mockingbird,Harper Lee,Classic,1960,4.8,Standalone
"To the Future, Ben Franklin!",Mary Pope Osborne,,,,
"Tomorrow, and Tomorrow, and Tomorrow",Gabrielle Zevin,Fiction,2022,4.8,Standalone
Tonight on the Titanic,Mary Pope Osborne,,,,
Truth About Bats,Eva Moore,Children / Educational Fiction,,4.25,
Tundra Shadows,Jared Kim,Mystery,,4.1,
Turtles All the Way Down,John Green,Young Adult / Contemporary,,4.03,
Twilight,Stephenie Meyer,Romance,2005,4.3,Series
Twisted Games,Ana Huang,Fantasy Romance,,4.08,Standalone
Twisted Hate,Ana Huang,Fantasy Romance,,3.95,Standalone
Twisted Lies,Ana Huang,Fantasy Romance,,4.17,Standalone
Twisted Love,Ana Huang,Fantasy Romance,,4.18,Standalone
Twister on Tuesday,Mary Pope Osborne,,,,
Twister Trouble,Anne Schreiber,Children / Educational Fiction,,4.43,
Ugly Love,Colleen Hoover,Romance,2014,4.6,Standalone
Under the Ivy Arch,Rebecca Snow,Mystery,,4.2,
Under the Whispering Door,T.J. Klune,Fiction,2021,,Standalone
Unfinished Tales,J.R.R. Tolkien,Fantasy,,4.09,Standalone
Unravel Me,Tahereh Mafi,Young Adult / Dystopian,,4.13,Series
Vacation Under the Volcano,Mary Pope Osborne,,,,
Valentine’s Day Disaster,Geronimo Stilton,Children’s Holiday / Humor,,4.2,
Valley of the Giant Skeletons,Geronimo Stilton,Children’s Adventure / Mystery,,4.2,
Vengeful,V.E. Schwab,Fantasy,2018,,Series
Verity,Colleen Hoover,Thriller,2018,4.6,Standalone
Vicious,V.E. Schwab,Fantasy,2013,,Series
Victoria the Violin Fairy,Daisy Meadows,Children / Fantasy / Music,,4,
Viking Ships at Sunrise,Mary Pope Osborne,,,,
Violet and the Dragonseed Tree,Jade Lin,Fantasy,,4.5,
Voices on Valeria Street,Ezra Flint,Mystery,,4.2,
Voidbreakers,Toby Reed,Science Fiction,,4.4,
Voidheart,Rachel Monroe,Science Fiction,,4.2,
Voyage to the Volcano,Judith Bauer Stamper,Children / Educational Fiction,,–,
Warden of the Wilds,Julian Reed,Fantasy,,4.5,
Warriors in Winter,Mary Pope Osborne,,,,
"Watch Your Whiskers, Stilton!",Geronimo Stilton,Children’s Adventure / Humor,,4.2,
Wedding Crasher,Geronimo Stilton,Children’s Adventure / Humor,,4.3,
Welcome to Mouldy Manor,Geronimo Stilton,Children’s Humor / Adventure,,4.2,
What Young India Wants,Chetan Bhagat,Non-Fiction / Essay,,3.74,Standalone
When the Moon Sneezed,Janice Woo,Fantasy,,4.4,
Where the Crawdads Sing,Delia Owens,Drama,2018,4.8,Standalone
Where the Wild Things Are,Maurice Sendak,Picture Book / Fantasy,,4.23,
Where’s My Dinosaur?,Katie Flynn,Interactive,,4.1,
Where's Molly,H.D. Carlton,Dark Romance,,4.16,
Whispers at the Library,Evie Grace,Mystery,,4,
Whispers in the Wall,Maeve Hollow,Horror,,4.1,
Whispers of the Void,Derek Mills,Science Fiction,,4.5,
Whistle in the Attic,Sadie Bloom,Horror,,4.2,
Whitney the Whale Fairy,Daisy Meadows,Children / Fantasy / Ocean,,4,
Who Ate the Homework?,Sammy Hill,Mystery,,4.3,
Wild Card,Elsie Silver,Contemporary Romance,,4.1,Series
Wild Eyes,Elsie Silver,Contemporary Romance,,4,Series
Wild Love,Elsie Silver,Contemporary Romance,,4.01,Series
Wild Side,Elsie Silver,Contemporary Romance,,4.05,Series
Wild Whale Watch,Eva Moore,Children / Educational Fiction,,4.31,
Windy Night with Wild Horses,Mary Pope Osborne,,,,
Winnie-the-Pooh,A. A. Milne,Children’s Classic / Humor,,4.35,
Yasmin the Night Owl Fairy,Daisy Meadows,Children / Fantasy / Twilight,,4,
Yellowface,R.F. Kuang,Satire,2023,4.8,Standalone
Zara the Starlight Fairy,Daisy Meadows,Children / Fantasy / Twilight,,4,
Zero Orbit,Jonas Vale,Science Fiction,,4.1,
Zoe the Skating Fairy,Daisy Meadows,Children / Fantasy / Sport,,4,
